School Name,Website,Phone Number
A+ Arts Academy,http://aplusarts.com,(614) 725-1305
A+ Children's Academy School District,http://apluschildrensacademy.org/,(614) 491-8502
Academy For Urban Scholars Youngstown School District,http://www.ausohio.com,(330) 744-9070
Academy for Urban Solutions,http://www.ausohio.com,(614) 545-9890
Academy Of Educational Excellence School District,http://aeetoledo.com,(419) 340-5666
Achieve Career Preparatory Academy,http://www.achieveprep.com,(419) 243-8559
AchievePoint Career Academy - Cincinnati,http://www.achievepoint.org,(513) 334-3607
AchievePoint Career Academy - Columbus,http://www.achievepoint.org,(614) 401-4769
Ada Exempted Village School District,http://ada.k12.oh.us/,(419) 634-6421
Adams County Ohio Valley Local School District,http://www.ohiovalley.k12.oh.us/,(937) 544-5586
Adena Local School District,http://www.adena.k12.oh.us/,(740) 998-4633
Akron City School District,http://www.akronschools.com/,(330) 761-1661
Akron Digital Academy,http://akrondigitalacademy.org/,(330) 237-2232
Akron Preparatory School School District,http://www.akronprep.org,(330) 247-6232
Akros Middle School,http://www.akros4kids.org/joomla/index.php,(330) 374-6704
Albert Einstein Academy For Letters Arts And Sciences-Ohio School District,http://www.aeaohio.org,(440) 471-4982
Alexander Local School District,http://www.alexanderschools.org/,(740) 698-8831
Allen East Local School District,http://www.ae.k12.oh.us/,(419) 648-3333
Alliance Academy Of Cincinnati,http://www.nhaschools.com/schools/alliance/en/pages/default,(513) 751-5555
Alliance City School District,http://www.alliancecityschools.org/,(330) 821-2100
Alternative Education Academy,http://www.ohdela.com,(330) 253-8680
Amanda-Clearcreek Local School District,http://www.amanda.k12.oh.us/,(740) 969-7250
Amherst Exempted Village School District,http://www.amherst.k12.oh.us/,(440) 988-4406
Anna Local School District,http://www.anna.k12.oh.us/,(937) 394-2011
Ansonia Local School District,http://www.ansonia.k12.oh.us/,(937) 337-4000
Anthony Wayne Local School District,http://www.anthonywayneschools.org,(419) 877-5377
Antwerp Local School District,http://www.aw.noacsc.org/,(419) 258-5421
Apex Academy,http://www.nhaschools.com/schools/apex/en/pages/default.aspx,(216) 451-1725
Apollo School District,,(419) 998-2909
Arcadia Local School District,http://www.arcadia.noacsc.org/,(419) 894-6431
Arcanum-Butler Local School District,http://www.arcanum-butler.k12.oh.us/,(937) 692-5174
Archbold-Area Local School District,http://www.archbold.k12.oh.us/,(419) 446-2728
Arlington Local School District,http://www.arlingtonlocalschools.com/,(419) 365-5121
Arts & College Preparatory Academy,http://artcollegeprep.org/,(614) 986-9974
Ashland City School District,http://ashlandcityschools.org/,(419) 289-1117
Ashland County Community Academy,http://www.accaaces.org/,(419) 903-0295
Ashland County-West Holmes School District,,(419) 289-3313
Ashtabula Area City School District,http://www.aacs.net/,(440) 992-1201
Ashtabula County Technical And Career Center,http://www.atech.edu,(440) 576-6015
Athens City School District,http://www.athenscsd.org,(740) 797-4544
Auburn School District,,(440) 358-8011
Auglaize County Educational Academy,http://www.aceva.org/,(419) 738-4572
Aurora Academy,http://auroraacademy-ohio.org,(419) 693-6841
Aurora City School District,http://www.aurora-schools.org/,(330) 562-6106
Austintown Local School District,http://www.austintownschools.org/,(330) 797-3900
Avon Lake City School District,http://www.avonlakecityschools.org/,(440) 933-6210
Avon Local School District,http://www.avonlocalschools.org/,(440) 937-4680
Ayersville Local School District,http://www.ayersville.org/,(419) 395-1111
Barberton City School District,http://www.barbertonschools.org/,(330) 753-1025
Barnesville Exempted Village School District,http://www.barnesville.k12.oh.us/,(740) 425-3615
Batavia Local School District,http://www.bataviaschools.org/,(513) 732-2343
Bath Local School District,http://www.bathwildcats.org/,(419) 221-0807
Bay Village City School District,http://www.bayvillageschools.com/,(440) 617-7300
Beachwood City School District,http://www.beachwoodschools.org/,(216) 464-2600
Beacon Academy School District,http://www.beaconacademyedu.org/,(330) 941-5852
Beacon Hill Academy,,(330) 359-5600
Beaver Local School District,http://www.beaver.k12.oh.us/,(330) 385-6831
Beavercreek City School District,http://www.beavercreek.k12.oh.us/,(937) 426-1522
Bedford City School District,http://www.bedford.k12.oh.us/,(440) 439-1500
Bella Academy Of Excellence,http://www.imaginebellaacademy.org/,(216) 481-1500
Bellaire Local School District,http://www.bellaire.k12.oh.us/,(740) 676-1826
Bellbrook-Sugarcreek Local School District,http://www.sugarcreek.k12.oh.us/,(937) 848-5001
Bellefontaine City School District,http://www.bellefontaine.k12.oh.us/,(937) 593-9060
Bellevue City School District,http://www.bellevueschools.org/,(419) 484-5000
Belmont-Harrison School District,http://bhccenters.com/,(740) 695-9130
Belpre City School District,http://www.belpre.k12.oh.us/,(740) 423-9511
Benjamin Logan Local School District,http://www.benjaminlogan.org,(937) 593-9211
Bennett Venture Academy,http://www.nhaschools.com/schools,(419) 269-2247
Benton Carroll Salem Local School District,http://www.bcs.k12.oh.us/,(419) 898-6210
Berea City School District,http://www.berea.k12.oh.us/,(216) 898-8300
Berkshire Local School District,http://www.berkshireschools.org/,(440) 834-3380
Berne Union Local School District,http://berne-union.k12.oh.us/,(740) 746-8341
Bethel Local School District,http://www.bethelk12.org,(937) 845-9414
Bethel-Tate Local School District,http://www.betheltate.org/,(513) 734-2271
Bexley City School District,http://www.bexleyschools.org/,(614) 231-7611
Big Walnut Local School District,http://www.bwls.net,(740) 965-3010
Bio-Med Science Academy Stem School School District,,(877) 644-6338
Black River Career Prep High School,http://www.lifeskillshs.com/Locations/Ohio/Life-Skills-Cente,(440) 324-1755
Black River Local School District,http://www.blackriverschools.org/,(419) 736-3300
Blanchester Local School District,http://www.blanschools.org/,(937) 783-3523
Bloom-Carroll Local School District,http://www.bloom-carroll.k12.oh.us/,(614) 837-6560
Bloom-Vernon Local School District,http://www.bv.k12.oh.us/,(740) 778-2281
Bloomfield-Mespo Local School District,http://www.bloomfield-mespo.org/,(440) 685-4711
Bluffton Exempted Village School District,http://www.bluffton.noacsc.org/,(419) 358-5901
Boardman Local School District,http://www.boardman.k12.oh.us/,(330) 726-3404
Botkins Local School District,http://www.botkins.k12.oh.us/,(937) 693-3756
Bowling Green City School District,http://www.bgcs.k12.oh.us/,(419) 352-3576
Bradford Exempted Village School District,http://www.bradford.k12.oh.us/,(937) 448-2770
Brecksville-Broadview Heights City School District,http://www.bbhcsd.org/,(440) 740-4000
Bridge Gate Community School School District,http://www.bridgegateedu.org/,(614) 501-3820
Bridgeport Exempted Village School District,http://www.bevs.k12.oh.us/,(740) 635-1713
Bridges Community Academy,http://bcatiffin.org,(419) 455-9295
Bright Local School District,http://www.blsd.us,(937) 442-3114
Bristol Local School District,http://www.bristol.k12.oh.us/,(330) 889-3882
Broadway Academy,http://acabroadway.com/,(216) 271-7747
Brookfield Local School District,http://www.brookfield.k12.oh.us/,(330) 448-4930
Brooklyn City School District,http://www.brooklyn.k12.oh.us/,(216) 485-8100
Brookville Local School District,http://www.brookvilleschools.org/,(937) 833-2181
Brown Local School District,http://www.brownlocalschools.com/,(330) 863-1170
Brunswick City School District,http://www.bcsoh.org/,(330) 225-7731
Bryan City School District,http://www.bryan.k12.oh.us/,(419) 636-6973
Buckeye Central Local School District,http://www.buckeye-central.k12.oh.us/,(419) 492-2864
Buckeye Local School District,http://www.buckeyeschools.info/,(440) 998-4411
Buckeye Local School District,http://www.buckeyelocal.net/,(740) 769-7395
Buckeye Local School District,http://www.buckeyeschools.org/,(877) 644-6338
Buckeye Online School For Success,http://www.go2boss.com/,(330) 385-1987
Buckeye Preparatory Academy,http://www.buckeyeprep.org,(614) 300-3685
Buckeye School District,,(330) 339-2288
Buckeye United School District,,(614) 752-7606
Buckeye Valley Local School District,http://www.buckeyevalley.k12.oh.us/,(740) 369-8735
Bucyrus City School District,http://bucyrusschools.org/,(419) 562-4045
Butler Technology & Career Development Schools,http://www.butlertech.org,(513) 868-1911
Caldwell Exempted Village School District,http://www.caldwell.k12.oh.us/,(740) 732-5637
Cambridge City School District,http://www.cambridge.k12.oh.us/,(740) 439-5021
Campbell City,http://www.campbell.k12.oh.us/,(330) 799-6726
Canal Winchester Local School District,http://www.cwschools.org/,(614) 837-4533
Canfield Local School District,http://www.canfield.access-k12.org/,(330) 533-3303
Canton City School District,http://www.ccsdistrict.org/,(330) 438-2500
Canton College Preparatory School School District,http://www.cantoncollegeprep.org,(330) 455-0498
Canton Harbor High School School District,http://www.cantonharbor.org,(330) 452-8414
Canton Local School District,http://www.cantonlocal.org,(330) 484-8010
Capital City Career Prep High School,http://www.lifeskillshs.com/Locations/Ohio/Life-Skills-Cente,(614) 863-9175
Capital High School,http://capitalhighohio.com/,(614) 626-6775
Cardinal Local School District,http://cardinalschools.org/,(440) 632-0261
Cardington-Lincoln Local School District,http://www.cardington.k12.oh.us/,(419) 864-3691
Career And Technology Educational Centers,,(740) 366-3351
Carey Exempted Village School District,http://careyschools.org,(419) 396-7922
Carlisle Local School District,http://www.carlisleindians.org/,(937) 746-0710
Carrollton Exempted Village School District,http://www.carrollton.k12.oh.us/,(330) 627-2181
Cascade Career Prep High School,http://www.lifeskillshs.com/Locations/Ohio/Life-Skills-Cente,(330) 633-5990
Cedar Cliff Local School District,http://cedarcliffschools.net,(937) 766-6000
Celina City School District,http://www.celinaschools.org/,(419) 586-8300
Center For Student Achievement,http://jcs.k12.oh.us/wordpress/?page_id=1679,(740) 286-7839
Centerburg Local,http://www.centerburgschools.org/,(740) 625-6346
Centerville City,http://www.centerville.k12.oh.us/,(937) 433-8841
Central Academy Of Ohio,http://www.ohiocentralacademy.net,(419) 205-9800
Central High School School District,http://www.columbuscentralhigh.org,(614) 362-7530
Central Local School District,http://www.centrallocal.org/,(419) 658-2808
Cesar Chavez College Preparatory School,http://sites.google.com/a/edsolns.com/educational-solutions,(614) 294-3020
Chagrin Falls Exempted Village School District,http://www.chagrinschools.org,(440) 247-5500
Champion Local School District,http://www.championlocal.org/,(330) 847-2330
Chapelside Cleveland Academy School District,http://acachapel.com/,(216) 283-6589
Chardon Local School District,http://www.chardon.k12.oh.us/,(440) 285-4052
Charles School At Ohio Dominican University,http://www.thecharlesschool.org,(614) 258-8588
Chesapeake Union Exempted Village School District,http://www.peake.k12.oh.us/,(740) 867-3135
Chillicothe City School District,http://www.chillicothe.k12.oh.us/,(740) 775-4250
Chippewa Local School District,http://www.chippewa.k12.oh.us/,(330) 658-6368
Cincinnati Achievement Academy,http://www.cinciachievementedu.org,(513) 975-4946
Cincinnati College Preparatory Academy,http://www.ccpaonline.com,(513) 684-0777
Cincinnati Generation Academy,http://www.cincinnatigenerationacademy.org/,(513) 389-0968
Cincinnati Learning Schools School District,http://www.carpediemaiken.com/,(513) 783-1025
Cincinnati Public Schools,http://www.cps-k12.org/,(513) 363-0000
Cincinnati Technology Academy School District,http://www.cintitechacademy.com,(513) 471-7323
Circleville City School District,http://circlevillecityschools.org/,(740) 474-4340
Citizens Academy,http://citizensacademy.org,(216) 791-4195
Citizens Academy East School District,http://citizensacademyeast.org,(216) 367-9392
Citizens Academy Southeast School District,http://breakthroughschools.org/citizens-academy-southeast/,(216) 586-3887
Citizens Leadership Academy,http://citizensleadership.org/,(216) 229-8185
Citizens Leadership Academy East,http://www.cla-east.org,(216) 352-5900
City Day Community School,http://www.cityday.org/,(937) 223-8130
Clark Preparatory Academy School District,http://www.clarkpreparatory.org,(937) 504-1175
Clark-Shawnee Local School District,http://www.clark-shawnee.k12.oh.us/,(937) 328-5378
Clay Avenue Community School,http://www.imagineclayavenue.org,(419) 727-9900
Clay Local School District,http://www.clay.k12.oh.us/,(740) 354-6645
Claymont City School District,http://www.claymontschools.org/,(740) 922-5478
Clear Fork Valley Local School District,http://www.clearfork.k12.oh.us/,(419) 886-3855
Clearview Local School District,http://www.clearview.k12.oh.us/,(440) 233-5412
Clermont Northeastern Local School District,http://www.cneschools.org/,(513) 625-5478
Cleveland Academy For Scholarship Technology And Leadership,http://www.castlehsedu.org/,(216) 583-5210
Cleveland Arts And Social Sciences Academy,http://clevelandartsocsci.org/,(216) 229-3000
Cleveland College Preparatory School,http://clevelandcollegeprep.org/,(216) 341-1347
Cleveland Entrepreneurship Preparatory School,http://www.theprepschools.org/cliffs/,(216) 456-2080
Cleveland Heights-University Heights City,http://www.chuh.org/,(216) 371-7171
Cleveland Metropolitan School District,http://clevelandmetroschools.org/,(216) 838-0000
Cliff Park High School School District,http://www.cliffparkhigh.org/,(937) 342-3006
Clinton-Massie Local School District,http://www.cmfalcons.org,(937) 289-2471
Cloverleaf Local School District,http://www.cloverleaflocal.org/,(330) 302-0303
Clyde-Green Springs Exempted Village School District,http://www.clyde.k12.oh.us/,(419) 547-0588
Coldwater Exempted Village School District,http://cw.noacsc.org/,(419) 678-2611
College Corner Local,http://www.uc.k12.in.us/,(765) 732-3183
Colonel Crawford Local School District,http://www.cck12.org/,(419) 562-6755
Colonial Prep Academy School District,http://www.colonialprep.org,(330) 752-2792
Columbia Local School District,http://www.columbia.k12.oh.us/,(440) 236-5008
Columbiana County School District,,(330) 424-9561
Columbiana Exempted Village School District,http://www.columbiana.k12.oh.us/,(330) 482-5353
Columbus Arts & Technology Academy,http://columbusata.org/,(614) 577-0900
Columbus Bilingual Academy-North,http://www.cbanorth.org/,(614) 547-4500
Columbus City School District,http://www.ccsoh.us/,(614) 365-5000
Columbus Collegiate Academy,http://www.unitedschoolsnetwork.org/maincampus.php,(614) 299-5284
Columbus Collegiate Academy - West,http://www.unitedschoolsnetwork.org/danacampus.php,(614) 545-9570
Columbus Grove Local School District,http://cg.noacsc.org/,(419) 659-2639
Columbus Humanities Arts And Technology Academy,http://columbushumanitiesata.org/,(614) 261-1200
Columbus Performance Academy,http://www.performanceacademies.com/ohio-schools/columbus/co,(614) 318-0720
Columbus Preparatory Academy,http://columbuspreparatoryacademy.org/,(614) 275-3600
Columbus Preparatory And Fitness Academy,http://www.performanceacademies.com/ohio-schools/columbus/co,(614) 318-0606
Conneaut Area City School District,http://www.cacsk12.org/,(440) 593-7200
Conotton Valley Union Local School District,http://www.conottonvalley.k12.oh.us/,(740) 269-2000
Constellation Schools: Collin.,http://collinwoodvillageacademy.constellationschools.com/,(216) 451-4022
Constellation Schools: Elyria Community Elementary,http://elyriacommunity.constellationschools.com/,(440) 366-5225
Constellation Schools: Lorain Community Elementary,http://loraincommunityelementary.constellationschools.com/,(440) 204-2130
Constellation Schools: Lorain Community Middle,http://loraincommunitymiddle.constellationschools.com/,(440) 242-2023
Constellation Schools: Madison Community Elementary,http://madisoncommunityelementary.constellationschools.com/,(216) 651-5212
Constellation Schools: Old Brooklyn Community Elementary,http://oldbrooklyncommunityelementary.constellationschools.c,(216) 661-7888
Constellation Schools: Old Brooklyn Community Middle,http://oldbrooklyncommunitymiddle.constellationschools.com/,(216) 351-0280
Constellation Schools: Outreach Academy For Students With Di,http://outreachacademy.constellationschools.com/,(216) 688-1900
Constellation Schools: Parma Community,http://parmacommunity.constellationschools.com/,(440) 888-5490
Constellation Schools: Puritas Community Elementary,http://puritascommunityelementary.constellationschools.com/,(216) 688-0680
Constellation Schools: Puritas Community Middle,http://puritascommunitymiddle.constellationschools.com/,(216) 688-0680
Constellation Schools: Stockyard Community Elementary,http://stockyardcommunityelementary.constellationschools.com,(216) 651-5143
Constellation Schools: Stockyard Community Middle,http://stockyardcommunitymiddle.constellationschools.com/,(216) 961-5052
Constellation Schools: Westpark Community Elementary,http://westparkcommunityelementary.constellationschools.com/,(216) 688-0271
Constellation Schools: Westpark Community Middle,http://westparkcommunitymiddle.constellationschools.com/,(216) 251-7200
Constellation Schools: Westside Community School Of The Arts,http://westsidearts.constellationschools.com/,(216) 688-1900
Constellation Schools:eastside,http://eastsideartsacademy.constellationschools.com/,(216) 441-9830
Continental Local School District,http://continentalpirates.org/,(419) 596-3671
Copley-Fairlawn City School District,http://www.copley-fairlawn.org,(330) 664-4800
Cornerstone Academy Community,http://cornerstoneacad.org,(614) 775-0615
Cory-Rawson Local School District,http://cory-rawson.k12.oh.us/,(419) 963-3415
Coshocton City School District,http://www.coshoctoncityschools.com,(740) 622-1901
Coshocton County School District,,(740) 622-0211
Coshocton Opportunity School,http://www.coshoctonopportunityschool.com/,(740) 622-3600
Coventry Local School District,http://www.coventryschools.org/,(330) 644-8489
Covington Exempted Village School District,http://www.covington.k12.oh.us/,(937) 473-2249
Crestline Exempted Village School District,http://www.crestline.k12.oh.us/,(419) 683-3647
Crestview Local School District,http://www.crestviewrebels.org/,(330) 482-5526
Crestview Local School District,http://www.crestviewschools.net,(419) 895-1700
Crestview Local School District,http://www.crestviewknights.com,(877) 644-6338
Crestwood Local School District,http://www.crestwoodschools.org/,(330) 357-8206
Crooksville Exempted Village School District,http://www.crooksville.k12.oh.us/,(740) 982-7040
Cruiser Academy,http://www.gocruisers.org/cruiseracademy_home.aspx,(614) 237-8756
Cuyahoga Falls City School District,http://www.cfalls.org/,(330) 926-3800
Cuyahoga Heights Local School District,http://www.cuyhts.org,(216) 429-5700
Cuyahoga Valley Career Center,,(440) 526-5200
Dalton Local School District,http://www.daltonlocal.org,(330) 828-2267
Dampe Community School,http://www.dampecincy.org,(513) 304-8210
Danbury Local School District,http://www.danburyschools.org/,(419) 798-5185
Danville Local School District,http://www.danvilleschools.org/,(740) 599-6116
Dawson-Bryant Local School District,http://www.db.k12.oh.us/,(740) 532-6451
Dayton City School District,http://www.daytonpublic/,(937) 542-3000
Dayton Early College Academy Inc,http://www.daytonearlycollege.org,(937) 229-5780
Dayton Leadership Academies-Dayton Liberty Campus,http://www.daytonleadershipacademies.com,(937) 567-9426
Dayton Leadership Academies-Dayton View Campus,http://www.daytonleadershipacademies.com/Default.aspx,(937) 567-9426
Dayton Regional Stem School,http://www.daytonstemschool.org,(937) 256-3777
Dayton Smart Elementary School School District,http://www.daytonsmartelementary.org,(937) 222-2812
Dayton Technology Design High School,,(937) 225-3989
Deca Prep School District,http://www.decaprep.org/,(937) 610-0110
Deer Park Community City School District,http://www.deerparkcityschools.org/,(513) 891-0222
Defiance City School District,http://www.defiancecityschools.org/,(419) 782-0070
Delaware Area Career Center,,(740) 548-0708
Delaware City School District,http://www.dcs.k12.oh.us/,(740) 833-1100
Delphos City School District,http://www.delphoscityschools.org/,(419) 692-2509
Discovery Academy School District,http://www.discoverytoledo.com/,(419) 214-3266
Dohn Community,http://www.dohnschool.org,(513) 281-6100
Dover City School District,http://www.dovertornadoes.com,(330) 364-1906
Dublin City School District,http://www.dublinschools.net/,(614) 764-5913
Eagle Academy,http://www.eagletoledo.com/,(419) 697-2760
Eagle Learning Center,http://www.oregonelc.org/,(419) 720-2003
Early College Academy School District,http://www.earlycollegecolumbus.com/,(614) 298-4742
East Academy School District,http://acaeast.com/,(216) 383-1214
East Branch Preparatory Academydbawright Preparatory Academy School District,http://www.wrightprep.org,(234) 207-5455
East Bridge Academy of Excellence,http://www.eastbridgeedu.org/,(614) 987-2345
East Cleveland City School District,http://www.east-cleveland.k12.oh.us/,(216) 268-6570
East Clinton Local School District,http://www.east-clinton.k12.oh.us/,(937) 584-2461
East Guernsey Local School District,http://www.eguernsey.k12.oh.us/,(740) 489-5190
East Holmes Local School District,http://www.eastholmes.k12.oh.us/,(330) 893-2610
East Knox Local School District,http://www.eastknox.k12.oh.us/,(740) 599-7000
East Liverpool City School District,http://www.elcsd.k12.oh.us/,(330) 385-7132
East Muskingum Local School District,http://www.east-muskingum.k12.oh.us/,(740) 826-7655
East Palestine City School District,http://www.myepschools.org/,(330) 426-4191
East Preparatory Academy School District,http://www.eastprep.org,(216) 539-0595
Eastern Local School District,http://www.easternlocal.com/,(937) 695-1399
Eastern Local School District,http://www.easternlocal.com/,(740) 667-6079
Eastern Local School District,http://www.ep.k12.oh.us,(740) 226-4851
Eastland Preparatory Academy,http://eastlandprep.org/,(614) 547-4493
Eastland-Fairfield Career Tech School District,http://www.eastland-fairfield.com,(614) 836-4530
Eastwood Local School District,http://www.eastwoodschools.org/,(419) 833-6411
Eaton Community City School District,http://www.eaton.k12.oh.us/,(937) 456-1107
Edge Academy The,http://new.edge4kids.org/joomla/index.php,(330) 535-4581
Edgerton Local School District,http://www.edgerton.k12.oh.us/,(419) 298-2112
Edgewood City School District,http://www.edgewoodschools.com/,(513) 863-4692
Edison Local (Formerly Berlin-Milan) School District,http://www.edisonchargers.org,(419) 499-3000
Edison Local School District,http://www.edisonlocal.k12.oh.us/,(330) 532-3199
Edon-Northwest Local School District,http://www.edon.k12.oh.us/,(419) 272-3213
Educational Academy For Boys & Girls,,(614) 351-1774
Ehove Career Center,http://www.ehove.net,(866) 256-9707
Electronic Classroom Of Tomorrow,http://www.ecotohio.org/,(614) 492-8884
Elevated Excellence Academy,http://eeacincy.org,(877) 644-6338
Elgin Local School District,http://www.elginschools.org/,(740) 382-1101
Elida Local School District,http://www.home.elida.k12.oh.us/,(419) 331-4155
Elmwood Local School District,http://www.elmwood.k12.oh.us/,(419) 655-2583
Elyria City Schools,http://www.elyriaschools.org/,(440) 284-8201
Emerson Academy,http://www.nhaschools.com/schools/emerson/en/pages/default.,(937) 223-2889
Entrepreneurship Preparatory School - Woodland Hills Campus School District,http://www.epvpwoodlandhills.org/,(216) 298-1164
Euclid City School District,http://euclidschools.org/,(216) 261-2900
Euclid Preparatory School,http://euclidprep.org/,(216) 750-2070
Everest High School School District,http://www.everesths.org/,(614) 367-1980
Evergreen Local School District,http://www.evergreen.k12.oh.us/,(419) 644-3521
Fairbanks Local School District,http://www.fairbanks.k12.oh.us/,(937) 349-3731
Fairborn City School District,http://www.fairborn.k12.oh.us/,(937) 878-3961
Fairborn Digital Academy,http://fairborndigital.us/,(937) 879-0511
Fairfield City School District,http://www.fairfieldcityschools.com/,(513) 829-6300
Fairfield Local School District,http://www.fairfieldlocal.org/,(937) 780-2221
Fairfield Union Local School District,http://www.fairfield-union.k12.oh.us,(740) 536-7384
Fairland Local School District,http://www.fairland.k12.oh.us/,(740) 886-3100
Fairlawn Local School District,http://www.fairlawn.k12.oh.us/,(937) 492-1974
Fairless Local School District,http://www.fairlesslocalschools.org,(330) 767-3577
Fairport Harbor Exempted Village School District,http://www.fhevs.org/,(440) 354-5400
Fairview Park City School District,http://www.fairviewparkschools.org/,(440) 331-5500
Fayette Local School District,http://www.fayettesch.org/,(416) 237-2573
Fayetteville-Perry Local School District,http://www.fp.k12.oh.us/,(513) 875-2423
Federal Hocking Local School District,http://www.fedhock.com/,(740) 662-6691
Felicity-Franklin Local School District,http://www.felicityschools.org/,(513) 362-5348
Field Local School District,http://www.fieldlocalschools.org/,(330) 673-2659
Findlay City School District,http://www.findlaycityschools.org/,(419) 425-8212
Findlay Digital Academy,http://findlaydigitalacademy.com/,(419) 425-3598
Finneytown Local School District,http://www.finneytown.org/,(513) 728-3700
Firelands Local School District,http://www.firelandsschools.org/,(440) 965-5821
Flex High School School District,http://flexhigh.org/,(614) 610-9749
Focus Learning Academy Of Northern Columbus,http://focusacademynorth.org,(614) 547-0920
Focus Learning Academy Of Southeastern Columbus,http://focuslearn.org,(614) 269-0150
Focus Learning Academy Of Southwest Columbus,http://focuslearn.org,(614) 545-2000
Focus North High School,http://focuslearn.org,(614) 310-0430
Forest Hills Local School District,http://www.foresthills.edu/,(513) 231-3600
Fort Frye Local School District,http://www.fortfrye.k12.oh.us/,(740) 984-2497
Fort Loramie Local School District,http://www.loramie.k12.oh.us/,(937) 295-3931
Fort Recovery Local School District,http://www.fortrecoveryschools.org/,(419) 375-4139
Fostoria City School District,http://www.fostoriaschools.org,(419) 435-8163
Foundation Academy,http://foundationacad.org/,(419) 526-9540
Four County Career Center,,(419) 267-3331
Foxfire East Academy School District,http://www.foxfireschools.com/,(740) 432-8170
Foxfire High School,http://www.foxfireschools.com/,(740) 453-4509
Foxfire Intermediate School,http://www.foxfireschools.com/,(740) 453-4509
Franklin City School District,http://www.franklincityschools.com/,(937) 746-1699
Franklin Local Community School,http://www.franklinlocalschools.org/schools/flcs/,(740) 697-7317
Franklin Local School District,http://www.franklinlocalschools.org/,(740) 674-5203
Franklin Monroe Local School District,http://www.franklin-monroe.k12.oh.us/,(937) 947-1212
Franklinton Preparatory Academy School District,http://franklintonprep.org/,(614) 636-3721
Frederick Douglass Reclamation Academy,http://www.fdhigh.org,(216) 273-3033
Fredericktown Local School District,http://www.fredericktownschools.com/,(740) 694-2956
Fremont City School District,http://www.fremontschools.net/,(419) 332-6454
Frontier Local School District,http://www.flsd.k12.oh.us/,(740) 865-3473
Gahanna-Jefferson City School District,http://gahannaschools.org/,(614) 471-7065
Galion City School District,http://www.galionschools.org,(419) 468-3432
Gallia County Local School District,http://www.gallialocal.org/,(740) 379-9085
Gallia-Jackson-Vinton School District,,(740) 245-5334
Gallipolis City School District,http://www.gallipoliscityschools.k12.oh.us/,(740) 446-3211
Garaway Local School District,http://www.garaway.org/,(330) 852-2421
Garfield Heights City Schools,http://www.garfieldheightscityschools.com/,(216) 475-8100
Gem City Career Prep High School,http://www.lifeskillshs.com/Locations/Ohio/Life-Skills-Cente,(937) 274-2841
Geneva Area City School District,http://www.genevaschools.org/,(440) 466-4831
Genoa Area Local School District,http://www.genoaschools.com/,(419) 855-7741
George V. Voinovich Reclamation Academy,http://www.gvhigh.org,(216) 295-9009
Georgetown Exempted Village School District,http://www.gtown.k12.oh.us/,(937) 378-3565
Gibsonburg Exempted Village School District,http://www.gibsonburg.k12.oh.us/,(419) 637-2479
Girard City School District,http://girardcityschools.org/,(330) 545-2596
Glass City Academy,http://www.glasscityacademy.org/,(419) 720-6311
Global Ambassadors Language Academy School District,http://www.GALACleveland.org,(216) 315-7942
Global Impact Stem Academy School District,http://www.globalimpactacademy.org,(937) 328-6600
Global Village Academy,http://www.globalvillageacademy.net/,(216) 767-5956
Goal Digital Academy,http://www.goaldigital.org,(877) 659-1900
Goshen Local School District,http://www.goshenlocalschools.org/,(513) 722-2222
Graham Expeditionary Middle School,http://www.gemsschool.org,(614) 253-4000
Graham Local School District,http://www.grahamlocalschools.org/,(937) 663-4123
Graham Primary School School District,http://www.grahamprimary.org,(614) 253-4001
Graham School The,http://www.thegrahamschool.org,(614) 262-1111
Grand Valley Local School District,http://www.grand-valley.k12.oh.us/,(440) 805-4545
Grandview Heights City School District,http://www.ghschools.org,(614) 485-4015
Granville Exempted Village School District,http://www.granvilleschools.org/,(740) 587-8101
Great Oaks Career Campuses,http://www.greatoaks.com,(513) 771-8840
Great River Connections Academy,http://www.greatriverconnectionsacademy.com,(614) 368-1288
Great Western Academy,http://imagineschoolsgwa.org/home/,(614) 276-1028
Greater Ohio Virtual School,http://www.mygovs.com,(513) 695-2924
Greater Summit County Early Learning Center,http://scopeacademy.org/,(234) 718-2626
Green Inspiration Academy School District,http://www.greeninspirationacademy.com/,(216) 378-9573
Green Local School District,http://www.green-local.k12.oh.us/,(740) 354-9221
Green Local School District,http://www.greenlocalschools.org/,(330) 896-7500
Green Local School District,http://www.green-local.k12.oh.us/,(330) 669-3921
Greene County Jt Voc School District,,(937) 372-6941
Greeneview Local School District,http://www.greeneview.k12.oh.us/,(937) 675-2728
Greenfield Exempted Village School District,http://www.greenfieldmcclain.org,(937) 981-2152
Greenon Local School District,http://www.greenon.k12.oh.us/,(937) 864-1202
Greenville City School District,http://www.greenville.k12.oh.us/,(937) 548-3185
Groveport Community School,http://www.imaginegroveport.org,(614) 574-0037
Groveport Madison Local School District,http://www.gocruisers.org/,(614) 492-2520
Hamilton City School District,http://hamiltoncityschools.com/,(513) 887-5000
Hamilton Cnty Math & Science,http://www.hcmsa.net/,(513) 728-8620
Hamilton Local Digital Academy,http://www.hamilton-local.k12.oh.us/alternativeacademy_home.,(614) 491-8044
Hamilton Local School District,http://www.hamilton-local.k12.oh.us/,(614) 491-8044
Hardin Community School School District,,(419) 673-3210
Hardin Northern Local School District,http://hn.k12.oh.us/,(419) 759-2331
Hardin-Houston Local School District,http://www.hardinhouston.org,(937) 295-3010
Harrisburg Pike Community School,http://www.harrisburgpikehornets.com/,(614) 223-1510
Harrison Hills City School District,http://www.hhcsd.org/,(740) 942-7800
Harvard Avenue Community School,http://www.performanceacademies.com/ohio-schools/harvard-per,(216) 283-5100
Heath City School District,http://www.heath.k12.oh.us/,(740) 238-7110
Heir Force Community School,http://www.heirforcecs.com/,(419) 228-9241
Hicksville Exempted Village School District,http://www.hicksvilleschools.org,(419) 542-7665
Highland Local School District,http://www.highlandschools.org/,(330) 239-1901
Highland Local School District,http://highland.k12.oh.us/,(419) 768-2206
Hilliard City School District,http://www.hilliardschools.org/,(614) 921-7000
Hillsboro City School District,http://www.hillsboro.k12.oh.us/,(937) 393-3475
Hillsdale Local School District,http://www.hillsdale.k12.oh.us/,(419) 368-8231
Holgate Local School District,http://www.holgateschools.org/,(419) 264-5141
Hope Academy Northcoast,http://acancoast.com/,(216) 429-0232
Hope Academy Northwest Campus,http://acanwest.com/,(216) 226-6800
Hopewell-Loudon Local School District,http://www.hopewell-loudon.k12.oh.us/,(419) 937-2216
Horizon Science Academy Cleveland,http://www.hsas.org,(216) 432-3660
Horizon Science Academy Columbus,http://hs.horizoncolumbus.org/,(614) 846-7616
Horizon Science Academy Columbus Middle School,http://ms.horizoncolumbus.org/,(614) 428-6564
Horizon Science Academy Dayton Downtown,http://dt.horizondayton.org/,(937) 281-1980
Horizon Science Academy Dayton High School,http://hs.horizondayton.org/,(937) 281-1480
Horizon Science Academy Denison Elementary School,http://www.denisonelementary.org/,(216) 661-8840
Horizon Science Academy Elementary School,http://es.horizoncolumbus.org/,(614) 475-4585
Horizon Science Academy Lorain,http://www.horizonlorain.org/,(440) 282-4277
Horizon Science Academy Primary,http://primary.horizoncolumbus.org,(614) 532-3311
Horizon Science Academy Toledo,http://www.horizontoledo.org/,(419) 474-3350
Horizon Science Academy Youngstown,http://www.horizonyoungstown.org/,(330) 782-3003
Horizon Science Academy-Cincinnati,http://www.horizoncincy.org/,(513) 242-0099
Horizon Science Academy-Cleveland Middle School,http://www.hsacms.org/,(216) 432-9940
Horizon Science Academy-Dayton,http://es.horizondayton.org/,(937) 277-1177
Horizon Science Academy-Denison Middle School,http://www.horizondenison.org/,(216) 739-9911
Horizon Science Academy-Springfield,http://www.horizonspringfield.org,(419) 535-0524
Howland Local School District,http://www.howlandschools.com/,(330) 856-8200
Hubbard Exempted Village School District,http://www.hubbard.k12.oh.us/,(330) 534-1921
Huber Heights City School District,http://www.huberheightscityschools.org/,(937) 237-6300
Hudson City School District,http://www.hudson.k12.oh.us/,(330) 653-1200
Huntington Local School District,http://www.huntsmen.org/,(740) 663-5892
Huron City Schools,http://www.huron-city.k12.oh.us/,(419) 433-1234
Ilead Spring Meadows School District,http://www.ileadspringmeadows.org,(419) 491-7423
Imagine Akron Academy,http://www.imagineakronacademy.org,(330) 753-1000
Imagine Columbus Primary School School District,http://www.imaginecolumbusprimaryacademy.com/,(614) 433-7510
Imagine Hill Avenue,http://imagineesa.org,(419) 727-9900
Imagine Leadership Academy School District,http://www.imagineleadershipacademy.org,(330) 753-1000
Imagine Woodbury Academy,http://imaginewoodbury.org/home/,(877) 644-6338
Independence Local School District,http://www.independence.k12.oh.us/,(216) 642-5850
Indian Creek Local School District,http://www.indian-creek.k12.oh.us/,(740) 264-3502
Indian Hill Exempted Village School District,http://indianhillschools.org/,(513) 272-4500
Indian Lake Local School District,http://www.indianlake.k12.oh.us/,(937) 686-8601
Indian Valley Local Schools,http://www.ivschools.org/,(740) 254-4334
Insight School Of Ohio School District,http://oh.insightschools.net/,(614) 300-2766
Inspire Charter School - Elementary,,(614) 505-5718
Interactive Media & Construction (Imac),http://www.mansfieldca.org/imac_home.aspx,(419) 525-0105
Intergenerational School The,http://www.tisonline.org,(216) 721-0120
International Academy Of Columbus,http://www.iac-school.com/,(614) 794-0643
Invictus High School School District,http://www.invictushigh.org/,(216) 539-7200
Ironton City School District,http://www.tigertown.com/,(740) 532-4133
Istem Geauga Early College High School School District,,(440) 358-8038
Jackson Center Local,http://www.jackson-center.k12.oh.us/,(937) 596-6053
Jackson City School District,http://jcs.k12.oh.us/,(740) 286-6442
Jackson Local School District,http://www.jackson.stark.k12.oh.us/,(330) 830-8000
Jackson-Milton Local School District,http://www.jacksonmilton.k12.oh.us/,(330) 538-3232
James A Garfield Local School District,http://garfield.sparcc.org/,(330) 527-4336
Jefferson Area Local School District,http://www.jalsd.org/,(440) 576-9180
Jefferson County School District,http://www.jeffjvs.org,(740) 264-5545
Jefferson Local School District,http://www.west-jefferson.k12.oh.us/,(614) 879-7654
Jefferson Township Local School District,http://www.jeffersontwp.k12.oh.us/,(937) 835-5682
Jennings Local School District,http://www.jenningslocal.org/,(419) 286-2238
Johnstown-Monroe Local School District,http://www.johnstown.k12.oh.us/,(740) 967-6846
Jonathan Alder Local School District,http://www.alder.k12.oh.us/,(614) 873-5621
Joseph Badger Local School District,http://www.badgerbraves.org,(330) 876-2800
Kalida Local School District,http://kalidaschools.org,(419) 532-3534
Kelleys Island Local School District,http://www.kelleys.k12.oh.us/,(419) 746-2730
Kenston Local School District,http://kenstonlocal.org/,(440) 543-9677
Kent City School District,http://www.kentschools.net/,(330) 676-7600
Kenton City School District,http://www.kentoncityschools.org/,(419) 673-0775
Kettering City School District,http://www.ketteringschools.org/,(937) 499-1430
Keystone Local School District,http://keystonelocalschools.org/,(440) 355-2424
Kids Care Elementary,http://www.kidscareelementary.org,(614) 498-0220
Kings Local School District,http://www.kingslocal.net/,(513) 398-8050
Kipp: Journey Academy,http://www.kippcolumbus.org,(614) 263-6137
Kirtland Local School District,http://www.kirtlandschools.org/,(440) 256-3360
Klepinger Community School,http://imagineklepinger.org/home/,(937) 610-1710
Knox County Joint Vocational School District,http://www.knoxcc.org,(740) 397-5820
L. Hollingworth School For Talented And Gifted,http://www.hollingworthschool.com/,(419) 705-3411
Labrae Local School District,http://labrae.school,(330) 898-1393
Lake Erie College Preparatory School,http://lakeerieprep.org/,(216) 453-4556
Lake Erie International High School School District,http://www.lakeeriehigh.org,(216) 539-7229
Lake Local School District,http://www.lakelocal.org/,(330) 877-9383
Lake Local School District,http://www.lakeschools.org/,(419) 661-6690
Lakeland Academy Community School School District,http://www.lakeland-academy.org/index.htm,(740) 658-1042
Lakeshore Intergenerational School,http://www.tisonline.org/lakeshore-intergenerational-school/,(216) 586-3872
Lakeview Local School District,http://www.lakeviewlocal.org/,(330) 637-8741
Lakewood City Academy,http://www.lakewoodcityschools.org/2/Home,(216) 529-4037
Lakewood City School District,http://www.lakewoodcityschools.org/,(216) 529-4092
Lakewood Local School District,http://www.lakewoodlocal.k12.oh.us/,(740) 928-5878
Lakota Local School District,http://www.lakotaonline.com/,(513) 874-5505
Lakota Local School District,http://www.lakotaschools.org,(419) 986-6650
Lancaster City School District,http://www.lancaster.k12.oh.us/,(740) 687-7300
Lawrence County Academy School District,,(740) 867-6641
Lawrence County School District,,(740) 867-6641
Lebanon City School District,http://www.lebanonschools.org/,(513) 934-5770
Leetonia Exempted Village School District,http://www.leetonia.k12.oh.us/,(330) 427-6594
Leipsic Local School District,http://llsdk12.org/,(419) 943-2165
Lexington Local School District,http://www.lexington.k12.oh.us/,(419) 884-2132
Liberty Center Local,http://www.libertycenter.k12.oh.us/,(419) 533-5011
Liberty High School,http://www.libertyhigh.org/,(937) 701-7945
Liberty Local School District,http://sites.liberty.k12.oh.us/,(330) 759-0807
Liberty Preparatory School School District,http://libertypreparatoryschool.weebly.com/,(330) 669-0055
Liberty Union-Thurston Local School District,http://www.libertyunion.org,(740) 862-4171
Liberty-Benton Local School District,http://www.liberty-benton.org/,(419) 422-8526
Licking Heights Local School District,http://www.lhschools.org/,(740) 927-6926
Licking Valley Local School District,http://www.lickingvalley.k12.oh.us,(740) 763-3525
Life Skills Center Of Youngstown,http://www.lifeskillshs.com/Locations/Ohio/Life-Skills-Cente,(330) 743-6698
Life Skills High School of Cleveland,http://www.lifeskillshs.com/Locations/Ohio/Life-Skills-Cente,(216) 431-7571
Lifelinks Community School,http://www.vwcs.net/schools/lifelinks-community-school/,(419) 623-5380
Lighthouse Community School Inc,http://www.lys.org/services/lighthouse-community-s,(513) 561-7888
Lima City School District,http://www.limacityschools.org/,(419) 996-3400
Lincoln Park Academy School District,http://acalincolnp.com/,(216) 263-7008
Lincoln Preparatory Academy School District,http://www.lincolnprepschool.org,(216) 772-1336
Lincolnview Local School District,http://www.lincolnview.k12.oh.us/,(419) 968-2226
Lisbon Exempted Village School District,http://www.lisbon.k12.oh.us/,(330) 424-7714
Little Miami Local School District,http://www.littlemiamischools.com/,(513) 899-2264
Lockland Local School District,http://www.locklandschools.org/,(513) 563-5000
Logan Elm Local School District,http://www.loganelmschools.com/,(740) 474-7501
Logan-Hocking Local School District,http://loganhocking.k12.oh.us/,(740) 385-8517
London Academy,http://www.london.k12.oh.us/london-academy/,(740) 852-5703
London City School District,http://www.london.k12.oh.us/,(740) 852-5700
Lorain Bilingual Preparatory Academy,http://lorainbilingual.org/,(440) 434-6320
Lorain City School District,http://www.lorainschools.org/,(440) 830-7271
Lorain County Joint Vocational School District,,(440) 774-1051
Lorain K-12 Digital Academy School District,http://www.loraindigitalacademy.com/,(440) 830-4300
Lorain Preparatory Academy School District,http://lorainprep.org/,(440) 282-3127
Lordstown Local School District,http://www.lordstown.k12.oh.us/,(330) 824-2535
Loudonville-Perrysville Exempted Village School District,http://lpschools.k12.oh.us/,(419) 994-3912
Louisville City School District,http://www.louisvillecityschools.org,(330) 875-9687
Loveland City School District,http://www.lovelandschools.org/,(513) 683-5600
Lowellville Local School District,http://www.lowellville.k12.oh.us/,(330) 536-6318
Lucas Local School District,http://www.lucascubs.org/,(419) 892-2338
Lynchburg-Clay Local School District,http://www.lynchclay.k12.oh.us/,(937) 364-2338
Mad River Local School District,http://thunder.madriver.k12.oh.us/,(937) 259-6606
Madeira City School District,http://www.madeiracityschools.org/,(513) 985-6070
Madison Avenue School Of Arts,http://www.madisonavenueschoolofart.com/,(419) 259-4000
Madison Local School District,http://www.madisonmohawks.org/,(513) 420-4750
Madison Local School District,http://www.madisonschools.net/,(440) 428-2166
Madison Local School District,http://www.mlsd.net/,(419) 589-2600
Madison-Plains Local School District,http://www.mplsd.org/,(740) 852-0290
Madisonville Smart Elementary School District,http://www.madisonvillesmart.org/,(513) 241-1101
Mahoning County Career & Technical Center,,(330) 729-4000
Mahoning County High School,http://www.mahoningcountyhighschool.org,(330) 702-7890
Mahoning Unlimited Classroom,http://mahoningunlimited.org/vv,(330) 533-8755
Mahoning Valley Opportunity Center,,(330) 744-7656
Main Preparatory Academy School District,http://www.Mainprep.org,(234) 738-1925
Manchester Local School District,http://www.panthercountry.org/,(330) 882-6926
Manchester Local School District,http://www.mlsd.us/,(937) 549-4777
Mansfield City School District,http://www.tygerpride.com/,(419) 525-6400
Mansfield Elective Academy,http://www.mansfieldca.org/electiveacademy_home.aspx,(567) 247-4475
Maple Heights City School District,http://www.mapleschools.com/,(216) 587-6100
Mapleton Local School District,http://www.mapleton.k12.oh.us/,(877) 644-6338
Maplewood Career Center,http://www.mwood.cc,(330) 296-2892
Maplewood Local School District,http://www.maplewood.k12.oh.us/,(330) 637-7506
Margaretta Local School District,http://www.margarettaschooldistrict.com,(419) 684-5322
Mariemont City School District,http://www.mariemontschools.org/,(513) 272-7500
Marietta City School District,http://www.marietta-city.org/,(740) 374-6500
Marion City Digital Academy,http://www.marioncityschools.org/domain/29,(740) 223-4417
Marion City School District,http://www.marioncityschools.org/,(740) 223-4402
Marion Local School District,http://www.marionlocal.org/,(419) 925-4294
Maritime Academy Of Toledo The,http://www.maritimeacademy.us,(419) 244-9999
Marlington Local School District,http://www.marlingtonlocal.org,(330) 823-7458
Marshall High School School District,http://www.marshallhs.org/,(513) 318-7078
Martins Ferry City School District,http://mfcsd.k12.oh.us/,(740) 633-1732
Marysville Exempted Village School District,http://www.marysville.k12.oh.us/,(937) 644-8105
Mason City School District,http://www.masonohioschools.com,(513) 398-0474
Mason Run High School School District,http://www.masonrunhigh.org/,(614) 362-7540
Massillon City School District,http://www.massillonschools.org/,(330) 830-3900
Massillon Digital Academy Inc,http://www.massillonschools.org/digitalacademy_home.aspx,(330) 830-3900
Mathews Local School District,http://www.mathews.k12.oh.us/,(330) 637-7000
Maumee City School District,http://www.maumee.k12.oh.us/,(419) 893-3200
Mayfield City School District,http://www.mayfieldschools.org/,(440) 995-7201
Maysville Local School District,http://www.maysville.k12.oh.us/,(740) 453-0754
Mccomb Local School District,http://mccomblocalschool.org/,(419) 293-3979
Mcdonald Local School District,http://www.mcdonald.k12.oh.us/,(330) 530-8051
Mechanicsburg Exempted Village School District,http://www.mechanicsburg.k12.oh.us/,(937) 834-2453
Medina City School District,http://www.medinabees.org/,(330) 636-3031
Medina County Joint Vocational School District,http://www.mcjvs.edu,(330) 725-8461
Meigs Local School District,http://www.ml.k12.oh.us/,(740) 992-2153
Menlo Park Academy,http://www.menloparkacademy.com,(440) 925-6365
Mentor Exempted Village School District,http://www.mentorschools.net/,(440) 255-4444
Metro Early College High School,http://www.themetroschool.org,(614) 259-6639
Metro Institute Of Technology School District,http://www.themetroschool.org/schools/mit,(614) 797-4797
Miami East Local School District,http://www.miamieast.k12.oh.us/,(937) 335-7505
Miami Trace Local School District,http://www.miamitrace.k12.oh.us/,(740) 335-3010
Miami Valley Academies,http://www.miamivalleyedu.org/,(937) 294-4522
Miami Valley Career Technical,,(937) 837-7781
Miamisburg City School District,http://miamisburgcityschools.org/,(937) 866-3381
Miamisburg Secondary Academy,http://miamisburgsecondaryacademy.org/,(937) 866-0771
Mid-East Career And Technology Centers,http://www.mideastctc.org,(740) 454-0105
Middlebury Academy School District,http://www.middleburyacademy.org,(330) 752-2766
Middletown City School District,http://www.middletowncityschools.com/,(513) 423-0781
Middletown Fitness & Prep Academy,http://www.performanceacademies.com/ohio-schools/middletown/,(513) 424-6110
Midnimo Cross Cultural Community School,http://sites.google.com/a/edsolns.com/educational-solutions,(614) 261-7480
Midview Local School District,http://www.midviewk12.org/,(877) 644-6338
Milford Exempted Village School District,http://www.milfordschools.org/,(513) 831-1314
Millcreek-West Unity Local School District,http://www.hilltop.k12.oh.us/,(419) 924-2365
Millennium Community School,http://www.2kschool.com/,(614) 255-5585
Miller City-New Cleveland Local School District,http://mcncschools.org,(419) 876-3172
Milton-Union Exempted Village School District,http://www.milton-union.k12.oh.us/,(937) 884-7910
Minerva Local School District,http://www.mlsd.sparcc.org/,(330) 868-4332
Minford Local School District,http://www.minford.k12.oh.us/,(740) 820-3896
Minster Local School District,http://www.minsterschools.org,(419) 628-3397
Mississinawa Valley Local School District,http://www.mississinawa.k12.oh.us/,(937) 968-5656
Mogadore Local School District,http://www.mogadore.net/,(330) 628-9946
Mohawk Local School District,http://www.mohawk.k12.oh.us/,(419) 927-2414
Monroe Local School District,http://www.monroelocalschools.com/,(513) 539-2536
Monroe Preparatory Academy,http://monroeprep.org/,(567) 998-7552
Monroeville Local School District,http://www.monroevilleschools.org/,(419) 465-2610
Montgomery Preparatory Academy,http://montgomeryprep.org/,(937) 991-2900
Montpelier Exempted Village School District,http://www.montpelier-k12.org,(419) 485-3676
Morgan Local School District,http://www.morganschools.org,(740) 962-2782
Mound Street Health Careers Acadmy,http://www.moundstreet.org,(937) 223-3041
Mound Street It Careers Academy,http://www.moundstreet.org,(937) 223-3041
Mound Street Military Careers Academy,http://www.moundstreet.org,(937) 223-3041
Mount Auburn International Academy,http://www.maia-sabis.net/,(513) 241-5500
Mount Auburn Preparatory Academy,http://mtauburnprep.org/,(513) 975-3391
Mount Gilead Exempted Village School District,http://www.mgschools.org,(419) 946-1646
Mount Vernon City School District,http://www.mvcsd.us,(740) 397-7422
Mt Healthy City,http://www.mthcs.org/,(513) 729-0077
Mt. Healthy Preparatory And Fitness Academy,http://www.performanceacademies.com/ohio-schools/cincinnati/,(513) 587-6280
Napoleon Area City School District,http://www.napoleon.k12.oh.us/,(419) 599-7015
National Trail Local School District,http://www.nationaltrail.k12.oh.us/,(937) 437-3333
Near West Intergenerational School,http://www.nearwestschool.org,(216) 961-4308
Nelsonville-York City School District,http://www.nelsonvilleyork.k12.oh.us/,(740) 753-4441
New Albany-Plain Local School District,http://www.napls.us/,(614) 855-2040
New Boston Local School District,http://www.newboston.k12.oh.us/,(740) 456-4626
New Bremen Local School District,http://www.newbremenschools.org,(419) 629-8606
New Day Academy Boarding & Day School,http://www.newday.academy,(440) 516-0866
New Knoxville Local School District,http://www.nk.k12.oh.us/,(419) 753-2431
New Lebanon Local School District,http://www.newlebanonschools.org/,(937) 687-1301
New Lexington City School District,http://www.nlpanthers.org/,(740) 342-4133
New London Local School District,http://www.nlschools.org/,(419) 929-8433
New Miami Local School District,http://www.new-miami.k12.oh.us/,(513) 863-0833
New Philadelphia City School District,http://www.npschools.org/,(330) 364-0600
New Richmond Exempted Village School District,http://www.nrschools.org/,(513) 553-2616
New Riegel Local School District,http://www.newriegelschools.org/,(419) 595-2265
Newark City School District,http://www.newarkcity.k12.oh.us/,(740) 670-7005
Newark Digital Academy,http://www.nda.k12.oh.us,(740) 328-2022
Newbridge Math & Reading Preparatory Academy School District,http://www.newbridgelearning.com/,(614) 279-6000
Newbury Local School District,http://www.newburyschools.org/,(440) 564-5501
Newcomerstown Exempted Village School District,http://www.nctschools.org/,(740) 498-8373
Newton Falls Exempted Village School District,http://www.newton-falls.k12.oh.us/,(330) 872-5445
Newton Local School District,http://www.newton.k12.oh.us/,(937) 676-2002
Nexus Academy of Cleveland,http://clevelandprepacademy.org/,(216) 741-2991
Nexus Academy Of Columbus School District,http://www.nexusacademyschool.com/blended-learning/ohio/colu,(614) 866-4761
Nexus Academy Of Toledo School District,http://www.nexusacademyschool.com/blended-learning/ohio/tole,(877) 644-6338
Niles City School District,http://www.nilescityschools.org/,(330) 989-5095
Noble Academy-Cleveland,http://www.noblecleveland.org,(216) 486-8866
Noble Academy-Columbus,http://www.noblecolumbus.org,(614) 326-0687
Noble Local School District,http://www.gozeps.org/,(740) 732-2084
Nordonia Hills City School District,http://www.nordoniaschools.org/,(330) 467-0580
North Baltimore Local School District,http://www.nbls.org/,(419) 257-3531
North Canton City School District,http://www.northcantonschools.org/,(330) 497-5600
North Central Academy-Fremont,http://www.northcentralacademy.org/,(419) 448-5786
North Central Local School District,http://www.ncschool.k12.oh.us/,(419) 737-2392
North College Hill City,http://www.northcollegehill.org/,(513) 931-8181
North Dayton School Of Science & Discovery,http://www.nhaschools.com/schools/northdayton/en/pages/defa,(937) 278-6671
North Fork Local School District,http://www.northfork.k12.oh.us/,(740) 892-3666
North Olmsted City School District,http://www.northolmstedschools.org/,(440) 588-5308
North Ridgeville City School District,http://www.nrcs.net/,(440) 327-4444
North Royalton City School District,http://www.northroyaltonsd.org/,(440) 237-8800
North Union Local School District,http://www.n-union.k12.oh.us/,(740) 943-2509
North Woods Career Prep High School,http://www.lifeskillshs.com/Locations/Ohio/Life-Skills-Cente,(614) 891-9041
Northeast Ohio College Preparatory School,http://www.neocollegeprep.org/,(216) 965-0580
Northeastern Local School District,http://www.northeastern.k12.oh.us/,(937) 325-7615
Northeastern Local School District,http://www.tinora.org,(419) 497-3461
Northern Local School District,http://www.nlsd.k12.oh.us/,(740) 743-1303
Northland Preparatory And Fitness Academy,http://www.performanceacademies.com,(614) 318-0600
Northmont City School District,http://www.northmontschools.net,(937) 832-5000
Northmor Local School District,http://www.northmor.k12.oh.us/,(419) 946-8861
Northpointe Academy,http://www.northpointetoledo.com/,(419) 535-1997
Northridge Local School District,http://www.northridge.k12.oh.us/,(740) 967-6631
Northridge Local School District,http://www.northridgeschools.org,(937) 278-5885
Northwest Local School District,http://www.nwlsd.org/,(513) 923-1000
Northwest Local School District,http://www.nwlsd.org/,(740) 259-5558
Northwest Local School District,http://www.northwest.sparcc.org/,(330) 854-2291
Northwestern Local School District,http://www.northwestern.k12.oh.us/,(937) 964-1318
Northwestern Local School District,http://www.northwestern-wayne.k12.oh.us,(419) 846-3151
Northwood Local Schools,http://www.northwoodschools.org/,(419) 691-3888
Norton City School District,http://www.nortonschools.org,(330) 825-0863
Norwalk City School District,http://www.norwalk-city.k12.oh.us/,(419) 668-2779
Norwayne Local School District,http://www.norwaynelocal.k12.oh.us/,(330) 435-6382
Norwood City School District,http://www.norwoodschools.org/,(513) 924-2500
Norwood Conversion Community School,,(877) 644-6338
Oak Hill Union Local School District,http://www.oakhill.k12.oh.us/,(740) 682-7595
Oak Hills Local School District,http://ohlsd.us/,(513) 574-3200
Oakwood City School District,http://www.oakwoodschools.org/,(937) 297-5332
Oberlin City Schools,http://www.oberlinschools.net/,(440) 774-1458
Ohio College Preparatory School School District,http://ohiocollegeprep.org/,(216) 453-4550
Ohio Connections Academy Inc,http://www.connectionsacademy.com,(513) 486-9120
Ohio Construction Academy School District,http://www.ohioconstructionedu.org/,(877) 644-6338
Ohio Hi-Point Career Center,http://ohiohipoint.com/,(937) 599-3010
Ohio State School For The Blin,,(614) 752-1152
Ohio Valley Energy Technology Academy School District,http://www.oveta.net/,(740) 769-7395
Ohio Virtual Academy,http://www.ohva.org,(419) 482-0948
Old Brook High School School District,http://www.oldbrookhigh.org/,(440) 319-3370
Old Fort Local School District,http://www.old-fort.k12.oh.us/,(419) 992-4291
Olentangy Local School District,http://www.olentangy.k12.oh.us/,(740) 657-4050
Olmsted Falls City School District,http://www.ofcs.net/,(440) 427-6000
Ontario Local School District,http://www.ontarioschools.org/,(419) 747-4311
Orange City School District,http://www.orangeschools.org/,(216) 831-8600
Orchard Park Academy,http://www.orchardparkacademy.org,(440) 340-3202
Oregon City School District,http://www.oregoncityschools.org/,(419) 693-0661
Orion Academy,http://www.nhaschools.com/schools/orion/en/pages/default.as,(513) 251-6000
Orrville City School District,http://www.orrville.k12.oh.us/,(330) 682-4651
Osnaburg Local School District,http://www.ecweb.sparcc.org,(330) 488-1609
Otsego Local School District,http://www.otsegoknights.org/,(419) 823-4381
Ottawa Hills Local School District,http://www.ohschools.k12.oh.us/,(419) 536-6371
Ottawa-Glandorf Local School District,http://ottawaglandorf.org/,(419) 523-5261
Ottoville Local School District,http://www.ottovilleschools.org/,(419) 453-3356
Painesville City Local School District,http://www.painesville-city.k12.oh.us/,(440) 392-5060
Paint Valley Local School District,http://www.paintvalleylocalschools.org/,(740) 634-2826
Pandora-Gilboa Local School District,http://www.pg.noacsc.org/,(419) 384-3227
Par Excellence Academy,http://www.parexcellenceacademy.com,(740) 344-7279
Parkway Local School District,http://www.parkwayschools.org/,(419) 363-3045
Parma City School District,http://www.parmacityschools.org/,(440) 842-5300
Pathway School Of Discovery,http://www.nhaschools.com/schools/pathway/en/pages/default.,(937) 235-5498
Patrick Henry Local School District,http://www.phpatriots.org/,(419) 274-3015
Patriot Preparatory Academy,http://www.patriotprep.com/,(614) 864-5332
Paulding Exempted Village School District,http://www.pauldingschools.org/,(419) 399-4656
Penta Career Center,,(419) 661-6350
Performance Academy Eastland,http://www.performanceacademies.com/ohio-schools/columbus/ea,(614) 314-6301
Perkins Local School District,http://www.perkinsschools.org/,(419) 625-0484
Perry Local School District,http://www.mycommodores.org,(419) 221-2770
Perry Local School District,http://perry-lake.org/,(440) 259-9200
Perry Local School District,http://perrylocal.org/,(330) 477-8121
Perrysburg Exempted Village School District,http://www.perrysburgschools.net/,(419) 874-9131
Pettisville Local School District,http://pettisvilleschools.org/,(419) 446-2705
Phoenix Academy Community School,http://www.phoenixtoledo.org,(419) 720-4500
Phoenix Community Learning Center,http://www.phoenixclc.org/,(513) 351-5801
Pickaway-Ross County Joint Vocational School District,http://www.pickawayross.com,(740) 642-1200
Pickerington Community School School District,http://www.pickerington.k12.oh.us/pickerington-community-sch,(877) 644-6338
Pickerington Local School District,http://www.pickerington.k12.oh.us/,(614) 833-2110
Pike County Area School District,,(740) 289-2721
Pike-Delta-York Local School District,http://pdys.org/QP,(419) 822-3391
Pinnacle Academy,http://www.nhaschools.com/schools/pinnacle/en/pages/default,(216) 731-0127
Pioneer Career & Technology School District,,(419) 347-7926
Piqua City School District,http://www.piqua.org/,(937) 773-4321
Plain Local School District,http://www.plainlocal.org,(330) 492-3500
Pleasant Community Digital,http://cda.pleasantlocalschools.org/,(740) 389-4815
Pleasant Local School District,http://www.pleasant.treca.org/,(740) 389-4476
Plymouth-Shiloh Local School District,http://plymouth.schoolwires.com/,(419) 687-4733
Poland Local School District,http://www.polandbulldogs.com/,(330) 757-7000
Polaris School District,http://www.polaris.edu,(440) 891-7600
Polly Fox Academy Community School,http://www.pollyfox.org,(419) 720-4500
Port Clinton City School District,http://www.pccsd.net/,(419) 732-2102
Portage Lakes School District,,(330) 896-8200
Portsmouth City School District,http://www.portsmouthtrojans.org/,(740) 354-4727
Preble Shawnee Local School District,http://www.psarrows.com,(937) 452-1283
Princeton City School District,http://www.princeton.k12.oh.us/,(513) 864-1000
Promise Academy,http://www.promise-academy.com/,(216) 443-0500
Provost Academy Ohio School District,http://oh.provostacademy.com/,(614) 866-7570
Put-In-Bay Local School District,http://www.put-in-bay.k12.oh.us/,(419) 285-3614
Pymatuning Valley Local School District,http://www.pvschools.k12.oh.us/,(440) 293-6488
Quaker Digital Academy,http://www.go2qda.org,(330) 364-0618
Queen City Career Prep High School,http://www.careerprepschool.org/queencity/,(513) 475-0222
Quest Community School,http://www.questcommunityschool.org/,(216) 220-4412
Randall Park High School,http://www.lifeskillshs.com/Locations/Ohio/Life-Skills-Cente,(877) 644-6338
Ravenna City School District,http://www.ravennaschools.us/,(330) 296-9679
REACH Academy,http://reachacademytoledo.com,(419) 691-4876
Reading Community City School District,http://www.readingschools.org/,(513) 554-1800
Regent High School School District,http://www.regenthigh.org,(216) 512-0076
Renaissance Academy School of Multi-Media Arts,http://www.renaissanceacademyedu.org/,(614) 235-1900
Revere Local School District,http://www.revereschools.org/,(330) 666-4155
Reynoldsburg City School District,http://www.reyn.org/,(614) 501-1020
Richard Allen Academy,http://www.richardallenschools.com,(513) 795-6549
Richard Allen Academy Ii,http://rad.echalk.com/,(937) 586-9756
Richard Allen Academy Iii,http://rah.echalk.com/,(513) 868-2900
Richard Allen Preparatory,http://www.richardallenschools.com,(937) 951-2800
Richland Academy School Of Excellence,http://www.raschoolofexcellence.com/,(419) 522-7273
Richmond Heights Local School District,http://www.richmondheightsschools.org/,(216) 692-8485
Ridgedale Community School,,(740) 382-6065
Ridgedale Local School District,http://www.ridgedaleschools.org,(740) 382-6065
Ridgemont Local School District,http://www.ridgemont.k12.oh.us/,(937) 354-2441
Ridgewood Local School District,http://www.ridgewood.k12.oh.us/,(740) 545-6354
Ripley-Union-Lewis-Huntington Local School District,http://www.rulh.us,(937) 392-4396
Rise & Shine Academy School District,http://www.riseandshineacad.org/,(419) 244-9900
Rittman Academy,http://www.rittmanacademy.org,(330) 927-7401
Rittman Exempted Village School District,http://rittman.k12.oh.us/,(330) 927-7400
River Gate High School School District,http://www.rivergatehigh.org/,(330) 647-6500
River Valley Local School District,http://www.rvk12.org,(740) 725-5401
River View Local School District,http://www.river-view.k12.oh.us/,(740) 824-3521
Riverdale Local School District,http://www.riverdale.k12.oh.us/,(419) 694-4994
Riverside Academy,http://acariverside.com/,(513) 921-7777
Riverside Local School District,http://www.riverside.k12.oh.us,(937) 585-5981
Riverside Local School District,http://www.painesville-township.k12.oh.us/,(440) 352-0668
Road To Success Academy,http://rstaohio.com,(614) 252-4656
Rock Hill Local School District,http://www.rockhill.org/,(740) 532-7030
Rocky River City School District,http://www.rrcs.org/,(440) 333-6000
Rolling Hills Local School District,http://www.rollinghills.k12.oh.us/,(740) 432-5370
Rootstown Local School District,http://www.rootstown.sparcc.org/,(330) 325-9911
Ross Local School District,http://www.rossrams.com/,(513) 863-1253
Rossford Exempted Village School District,http://www.rossfordschools.org/,(419) 666-2010
Rushmore Academy,http://www.rushmore.academy/site/default.aspx?PageID=1,(740) 387-2043
Russia Local School District,http://www.russiaschool.org/,(937) 526-3156
Salem City School District,http://www.salemquakers.org,(330) 332-0316
Sandusky City School District,http://www.sandusky-city.k12.oh.us/,(419) 626-6940
Sandy Valley Local School District,http://www.sandyvalleylocal.org/,(330) 866-3339
Schnee Learning Center,http://www.Schneelearningcenter.org,(330) 922-1966
Scioto County Career Technical Center,http://www.sciototech.org,(740) 259-5522
Scioto Valley Local School District,http://www.piketon.k12.oh.us/,(740) 289-4456
Sciotoville,http://www.east.k12.oh.us/,(740) 776-6777
Sciotoville Elementary Academy,http://www.sea.k12.oh.us/,(740) 776-2916
Sebring Local School District,http://www.sebring.k12.oh.us/,(330) 938-6165
Seneca East Local School District,http://www.seneca-east.k12.oh.us/,(419) 426-7041
Shadyside Local School District,http://www.shadyside.k12.oh.us/,(740) 676-3235
Shaker Heights City School District,http://www.shaker.org/,(216) 295-1400
Shawnee Local School District,http://limashawnee.com/,(419) 998-8031
Sheffield-Sheffield Lake City School District,http://www.sheffield.k12.oh.us/,(440) 949-6181
Shelby City School District,http://www.shelby-city.k12.oh.us/,(419) 342-3520
Sidney City School District,http://www.sidney.k12.oh.us.schools.bz/,(937) 497-2200
Skyway Career Prep High School,http://www.lifeskillshs.com/Locations/Ohio/Life-Skills-Cente,(419) 241-5504
SMART Academy,http://www.smartacademycle.org,(216) 714-3801
Solon City School District,http://solonschools.org/,(440) 248-1600
South Central Local School District,http://www.south-central.org,(419) 752-3815
South Columbus Preparatory Academy,http://scpagermanvillage.org/,(614) 669-6301
South Euclid-Lyndhurst City School District,http://www.sel.k12.oh.us/,(216) 691-2000
South Point Local School District,http://www.southpoint.k12.oh.us/,(740) 377-4315
South Range Local School District,http://www.southrange.k12.oh.us/,(330) 549-5226
South Scioto Academy,http://www.performanceacademies.com/ohio-schools/columbus/so,(614) 445-7684
South-Western City School District,http://www.swcsd.us/,(614) 801-3000
Southeast Local School District,http://www.southeast.k12.oh.us/,(330) 654-5841
Southeast Local School District,http://www.southeast.k12.oh.us/,(330) 698-3001
Southeastern Local School District,http://www.sels.us,(937) 462-8388
Southeastern Local School District,http://www.sepanthers.org,(740) 774-2003
Southern Hills School District,,(937) 378-6131
Southern Local School District,http://www.southern.k12.oh.us/,(330) 679-2343
Southern Local School District,http://www.southernlocalmeigs.org,(740) 949-2661
Southern Local School District,http://spsd.k12.oh.us,(740) 721-0520
Southern Ohio Academy School District,http://www.scoesc.k12.oh.us/SOA.aspx,(740) 259-6843
Southington Local School District,http://www.southington.k12.oh.us/,(330) 898-7480
Southside Academy,http://www.southsideedu.org,(330) 774-5562
Southwest Licking Local School District,http://www.swl.k12.oh.us/,(740) 927-3941
Southwest Local School District,http://www.southwestschools.org/,(513) 367-4139
Spencerville Local School District,http://www.noacsc.org/,(419) 647-4111
Springboro Community City School District,http://www.springboro.org/,(937) 748-3960
Springfield City School District,http://www.scsdoh.org,(937) 505-2800
Springfield Local School District,http://www.springfield-schools.org,(419) 867-5600
Springfield Local School District,http://springfieldspartans.org/,(330) 542-2929
Springfield Local School District,http://www.springfieldspartans.org,(330) 798-1111
Springfield Preparatory And Fitness Academy,http://www.performanceacademies.com/ohio-schools/springfield,(937) 323-6250
Springfield-Clark County School District,,(937) 325-7368
St Bernard-Elmwood Place City School District,http://www.sbepschools.org/,(513) 482-7121
St Clairsville-Richland City School District,http://www.stcschools.com,(740) 695-1624
St Henry Consolidated Local School District,http://www.sthenryschools.org/,(419) 678-4834
St Marys City School District,http://www.smriders.net,(419) 394-4312
Stambaugh Charter Academy,http://www.nhaschools.com/schools/stambaugh/en/pages/defaul,(330) 792-4806
Stark County Area School District,http://www.rgdrage.org,(330) 832-1591
Stark High School,http://www.starkcchsedu.org/,(234) 214-4140
Steam Academy Of Akron School District,http://www.eagleelementary.org/,(330) 773-1100
Steam Academy Of Dayton School District,http://steamacademydayton.org/,(937) 262-7063
Steam Academy of Warren,http://www.steamacademywarren.org/,(330) 394-3200
Steam Academy Of Warrensville Heights School District,http://steamwarrensville.org/,(216) 595-2866
Stepstone Academy School District,http://stepstoneacademy.org/,(440) 260-6400
Steubenville City School District,http://steubenville.k12.oh.us/,(740) 283-3767
Stonebrook Montessori School District,http://stonebrookmontessori.org/,(216) 644-3012
Stow-Munroe Falls City School District,http://www.smfschools.org/,(330) 689-5445
Strasburg-Franklin Local School District,http://www.strasburg.k12.oh.us/,(330) 878-5571
Streetsboro City School District,http://www.streetsboroschools.com/,(330) 626-4900
Strongsville City School District,http://www.strongnet.org/,(440) 572-7000
Struthers City School District,http://strutherscityschools.org/,(330) 750-1061
Stryker Local School District,http://www.stryker.k12.oh.us/,(419) 682-6961
Sullivant Avenue Community School,http://www.imaginesullivant.com/,(614) 308-5991
Summit Academy Community School for Alternative Learn-Canton,http://summitacademies.org/schools/canton-elementary/,(330) 458-0393
Summit Academy Community School-Toledo,http://summitacademies.org/schools/toledo-elementary/,(419) 385-5730
Summit Academy Toledo Learning Center,http://summitacademies.org/schools/toledo-secondary/,(419) 476-7859
Sunbridge Schools School District,http://www.sunbridgeschools.org/,(419) 725-5437
Swanton Local School District,http://www.swantonschools.org/,(419) 826-7085
Switzerland Of Ohio Local School District,http://sk12.org,(740) 472-5801
Sycamore Community City School District,http://www.sycamoreschools.org/,(513) 686-1700
Sylvania City School District,http://sylvania.k12.oh.us/,(419) 824-8501
Symmes Valley Local School District,http://www.symmesvalley.k12.oh.us/,(740) 643-2451
T.C.P. World Academy,http://www.tcpworldacademy.us/,(513) 531-9500
T2 Honors Academy,http://tsquaredacademy.com/,(877) 644-6338
Talawanda City School District,http://www.talawanda.org/,(513) 273-3333
Tallmadge City School District,http://www.tallmadgeschools.org/,(330) 633-3291
Teays Valley Local School District,http://www.tvsd.us/,(740) 983-5000
Tecumseh Local School District,http://www.tecumseh.k12.oh.us/,(937) 845-3576
The Brilliance School,http://www.thebrillianceschool.org,(877) 644-6338
The Capella Institute School District,http://capellaohio.com,(216) 587-5282
The Haley School,http://thehaleyschool.com/,(216) 591-9190
Three Rivers Local School District,http://www.threeriversschools.org/,(877) 644-6338
Tiffin City School District,http://www.tiffincityschools.org,(419) 447-2515
Tipp City Exempted Village School District,http://www.tippcityschools.com/,(937) 667-8444
Toledo City School District,http://www.tps.org/,(419) 671-0500
Toledo Preparatory And Fitness Academy,http://www.performanceacademies.com/ohio-schools/toledo/,(419) 535-3700
Toledo School For The Arts,http://www.ts4arts.org,(419) 246-8732
Toledo SMART Elementary School,http://http:/www.toledosmart.org,(419) 214-3290
Tolles Career & Technical Center,http://www.tollestech.com/DistrictProfile.aspx,(614) 873-4666
Tomorrow Center,http://thetomorrowcenter.org/,(419) 718-4242
Toronto City School District,http://www.torontocsd.org,(740) 537-2456
Townsend North Community School,http://www.townsendcs.org,(419) 684-5402
Towpath Trail High School School District,http://www.towpathtrailhigh.org/,(234) 542-0102
Treca Digital Academy,http://treca.org,(888) 828-4798
Tri State Early College Stem School School District,,(877) 644-6338
Tri-County Career Center,http://www.tricountyhightech.com,(740) 753-3511
Tri-County North Local School District,http://www.tricounty.oh.schoolwebpages.com/,(937) 962-2671
Tri-Rivers School District,,(740) 389-4681
Tri-Valley Local School District,http://www.tri-valley.k12.oh.us/,(740) 754-1442
Tri-Village Local School District,http://www.tri-village.k12.oh.us/,(937) 996-6261
Triad Local School District,http://www.triadk12.org,(937) 826-4961
Trimble Local School District,http://trimble.k12.oh.us/,(740) 767-4444
Triway Local School District,http://www.triway.k12.oh.us/,(330) 264-9491
Trotwood Fitness & Prep Academy,http://www.performanceacademies.com/ohio-schools/trotwood/,(937) 854-4100
Trotwood-Madison City School District,http://www.trotwood.k12.oh.us/,(937) 854-3050
Troy City School District,http://www.troy.k12.oh.us/,(937) 332-6700
Trumbull Career & Technical Center,,(330) 847-0503
Tuscarawas Valley Local School District,http://www.tvtrojans.org/,(330) 859-2213
Tuslaw Local School District,http://www.tuslaw.sparcc.org/,(330) 837-7813
Twin Valley Community Local School District,http://www.tvs.k12.oh.us/,(937) 839-4688
Twinsburg City School District,http://www.twinsburg.k12.oh.us/,(330) 486-2000
U S Grant School District,http://www.grantcareer.com,(513) 734-6222
Union Local School District,http://ulschools.com/,(740) 782-1978
Union-Scioto Local School District,http://www.unioto.k12.oh.us/,(740) 773-4102
United Local School District,http://www.united.k12.oh.us/,(330) 223-1521
United Preparatory Academy East,http://unitedschoolsnetwork.org,(614) 205-0250
United Preparatory Academy School District,http://www.unitedschoolsnetwork.org/uprep.php,(877) 644-6338
University Academy School District,http://acauni.com/,(330) 535-7728
University of Cleveland Prep,http://www.uniclevelandprep.org,(216) 361-9720
Upper Arlington City School District,http://www.uaschools.org/,(614) 487-5000
Upper Sandusky Exempted Village School District,http://www.usevs.org/,(419) 294-2307
Upper Scioto Valley Local School District,http://www.usv.k12.oh.us/,(419) 757-3231
Upper Valley School District,http://www.uppervalleycc.org/,(937) 778-1980
Urban Early College Network School District,http://www.urbanearlyedu.org/,(937) 952-1079
Urbana City School District,http://www.urbanacityschools.org,(937) 653-1402
Urbana Community School,,(937) 653-1402
Utica Shale Academy of Ohio,http://www.uticashaleschool.com/,(330) 679-2343
Valley Local School District,http://www.valleyindians.net,(740) 259-3115
Valley Stem+Me2 Academy School District,,(877) 644-6338
Valley View Local School District,http://www.valleyview.k12.oh.us/,(937) 855-6581
Van Buren Local School District,http://vbschools.net/,(419) 299-3578
Van Wert City School District,http://vwcs.net/,(419) 238-0648
Vandalia-Butler City School District,http://www.vbcsd.com/,(937) 415-6400
Vanguard-Sentinel Career & Technology Centers,http://vscc.k12.oh.us,(419) 332-2626
Vanlue Local School District,http://vanlueschool.org/,(419) 387-7724
Vantage Career Center,,(419) 238-5411
Vermilion Local School District,http://www.vermilionschools.org/,(440) 204-1700
Versailles Exempted Village School District,http://www.versailles.k12.oh.us,(937) 526-4773
Village Preparatory School,http://www.theprepschools.org/cliffs/,(216) 456-2070
Village Preparatory School Willard School District,http://epvpwillard.org/,(216) 586-3892
Village Preparatory School:: Woodland Hills Campus School District,http://www.theprepschools.org/woodland-hills/,(216) 298-1164
Vinton County Local School District,http://www.vinton.k12.oh.us/,(740) 596-5218
Virtual Community School Of Ohio,http://www.vcslearn.org,(614) 501-9473
Wadsworth City School District,http://www.wadsworth.k12.oh.us/,(330) 336-3571
Walnut Township Local School District,http://www.walnuttsd.org/,(740) 467-2802
Wapakoneta City School District,http://www.wapak.org/,(419) 739-2900
Warren City School District,http://www.warrenschools.k12.oh.us/,(330) 841-2321
Warren County Vocational School,http://www.mywccc.org,(513) 932-5677
Warren Local School District,http://www.warrenlocal.org/,(740) 678-2366
Warrensville Heights City School District,http://www.warrensville.k12.oh.us/,(216) 865-4717
Washington County School District,http://www.thecareercenter.net,(740) 373-2766
Washington Court House City School District,http://www.washingtonch.k12.oh.us/,(740) 335-6620
Washington Local School District,http://www.wls4kids.org/,(419) 473-8220
Washington Park Community,http://wpcsoh.org,(216) 271-6055
Washington-Nile Local School District,http://www.west.k12.oh.us,(740) 858-1111
Waterloo Local School District,http://www.viking.portage.k12.oh.us/,(330) 947-2664
Watkins Academy School District,http://www.watkinsacademyk8.com/,(937) 220-9100
Wauseon Exempted Village School District,http://sites.google.com/wauseonindians.org/wevs/home,(419) 335-6616
Waverly City School District,http://www.waverly.k12.oh.us/,(740) 947-4770
Wayne County Joint Vocational School District,http://www.wcscc.org,(330) 669-7000
Wayne Local School District,http://www.wayne-local.com/,(513) 897-6971
Wayne Trace Local School District,http://www.waynetrace.org/,(419) 263-2415
Waynesfield-Goshen Local School District,http://www.wgschools.org/,(419) 568-9100
Weathersfield Local School District,http://www.weathersfield.k12.oh.us/,(330) 652-0287
Wellington Exempted Village School District,http://www.wellingtonvillageschools.org/,(440) 647-4286
Wellston City School District,http://wcs.k12.oh.us/,(740) 384-2152
Wellsville Local School District,http://www.wellsville.k12.oh.us/,(330) 532-2643
West Branch Local School District,http://www.westbranch.k12.oh.us/,(330) 938-9324
West Carrollton City School District,http://www.westcarrolltonschools.com/,(937) 859-5121
West Carrollton Secondary Academy School District,,(877) 644-6338
West Central Learning Academy Ii,http://wclaohio.org/,(419) 227-9252
West Clermont Local School District,http://www.westcler.k12.oh.us/,(513) 943-5000
West Geauga Local School District,http://www.westg.org/,(440) 729-5900
West Holmes Local School District,http://www.westholmes.org,(330) 674-3546
West Liberty-Salem Local School District,http://www.wlstigers.org/,(937) 465-1075
West Muskingum Local School District,http://www.westmschools.org,(740) 455-4052
West Park Academy School District,http://acawestpark.com/,(216) 251-5450
West Preparatory Academy School District,http://www.westprepedu.org/,(216) 772-1340
Western Brown Local School District,http://www.wb.k12.oh.us/,(937) 444-2044
Western Local School District,http://www.westernlocalschools.com/,(740) 493-3113
Western Reserve Local School District,http://www.western-reserve.org/,(419) 660-8508
Western Reserve Local School District,http://www.westernreserve.k12.oh.us/,(330) 547-4100
Westerville City School District,http://www.westerville.k12.oh.us/,(614) 797-5700
Westfall Local School District,http://www.westfallschools.com,(740) 986-3671
Westlake City School District,http://www.wlake.org,(440) 871-7300
Westside Academy,http://westside-academy.com,(614) 272-9392
Westwood Preparatory Academy School District,http://westwoodprepacademy.com/,(330) 510-5400
Wheelersburg Local School District,http://www.burg.k12.oh.us/,(740) 574-8484
Whitehall City School District,http://www.whitehallcityschools.org/,(614) 417-5000
Whitehall Preparatory And Fitness Academy,http://www.performanceacademies.com/ohio-schools/columbus/wh,(614) 324-4585
Wickliffe City School District,http://www.wickliffeschools.org/,(440) 943-6900
Wildwood Environmental Academy,http://www.wildwoodisgreen.com/,(419) 868-9885
Willard City School District,http://www.willard.k12.oh.us/,(419) 935-1541
Williamsburg Local School District,http://burgschools.org/,(513) 724-3077
Willoughby-Eastlake City School District,http://www.weschools.org/,(440) 946-5000
Wilmington City School District,http://www.wilmingtoncityschools.com,(937) 382-1641
Windham Exempted Village School District,http://www.windham-schools.org/,(330) 326-2711
Wings Academy 1,http://www.wingsacademies.org/,(216) 812-0244
Wings Academy 2,http://www.wingsacademies.org,(216) 812-0244
Winterfield Venture Academy,http://www.nhaschools.com/schools/winterfield/en/pages/defa,(419) 531-3285
Winton Preparatory Academy School District,http://www.wintonprep.org,(513) 276-4166
Winton Woods City School District,http://www.wintonwoods.org/,(513) 619-2300
Wolf Creek Local School District,http://www.wolfcreek.k12.oh.us/,(740) 984-2373
Woodmore Local School District,http://www.woodmore.k12.oh.us/,(419) 862-1060
Woodridge Local School District,http://www.woodridge.k12.oh.us/,(330) 928-9074
Wooster City School District,http://www.woostercityschools.org/,(330) 264-0869
Worthington City School District,http://www.worthington.k12.oh.us/,(614) 450-6000
Wynford Local School District,http://www.wynfordroyals.org,(419) 562-7828
Wyoming City School District,http://www.wyomingcityschools.org/,(513) 206-7000
Xenia Community City School District,http://www.xeniaschools.org,(937) 376-2961
Yellow Springs Exempted Village School District,http://www.ysschools.org/,(937) 767-7381
Youngstown Academy Of Excellence,http://youngstownacademy.org/,(330) 746-3970
Youngstown City Schools,http://www.youngstown.k12.oh.us/,(330) 744-6900
Youngstown Community School,http://www.youngstowncommunityschool.k12.oh.us,(330) 746-2240
Youthbuild Columbus Community,http://www.ybccs.org,(614) 291-0805
Zane Trace Local School District,http://www.zanetrace.org/,(740) 775-1355
Zanesville City School District,http://www.zanesville.k12.oh.us/,(740) 454-9751
Zanesville Community School,http://www.zanesvillecommunityhighschool.com/,(740) 588-5685
Zenith Academy,http://zenithacademy.org/zan.html,(614) 888-9997
Zenith Academy East,http://zenithacademy.org/zae.html,(614) 577-0997
Zenith Academy West School District,http://zenithacademy.org/zaw.html,(614) 272-6300
